Jamba Juice,6
Sumo,6
Dragoneats,6
Royal Ground Coffee,6
Peet's Coffee & Tea,6
Mcdonald's,6
Poets Cafe,6
Boba Guys,5
Red Chilli,5
Bluestone Lane,4
Smitten Ice Cream,4
Kentucky Fried Chicken,4
Smile House Cafe,4
Perilla,4
Al's Place,4
Mixt Greens/mixt,4
Round Table Pizza,4
Denny's Restaurant,4
The Sandwich Spot,4
Glaze Teriyaki,4
Equator Coffees,3
Blue Bottle Coffee,3
Boss Bakery,3
Sushi Shoh,3
North Beach Pizza,3
Turtle Tower Restaurant,3
The Cake House,3
Irving Pizza,3
Vive La Tarte,3
Souvla,3
Bambu,3
Chantal Guillon,3
Momo's,3
Golden Island Cafe,3
Village Pizzeria,3
Milkbean,3
Ingleside Pizza,3
Chicken Broaster Express,3
Motze,3
Blue Fog Market,3
L'ottavo Ristorante,3
The Plant Cafe Organic,3
Serpentine,3
Cavalli Cafe,3
Loving Cup,3
Memphis Minnie's Bbq Joint,3
Taqueria Los Amigos,3
Project Juice - Castro,3
Little Kite,3
Zhong Shan Restaurant,2
Pica Pica,2
Pushkin,2
Project Juice - Chestnut,2
Tikka Masala,2
Piccolo Pete,2
Stable Cafe,2
Cafe Reveille,2
Scullery,2
Bravo Pizza,2
Hawker Eats,2
Morty's Delicatessen,2
Lapisara Eatery,2
Bay Subs & Deli,2
Davies Symphony Hall,2
Fisherman's Grotto,2
Koo,2
Moshi Moshi,2
Ella's Cafe,2
Dolce Amore,2
Joey And Pat's Bakery & Coffee,2
Om Indian Cuisine,2
The Sausage Factory,2
Juice Shop,2
The Crepe House,2
Qualitea,2
Connecticut Yankee,2
Cafe Valor,2
Macha Cafe,2
Boudin Sourdough Bakery/cafe,2
Project Juice - Valencia,2
Terra Cotta Warrior,2
Grubbin',2
The Little Chihuahua Mexican R,2
New Moon Restaurant,2
Mac'd,2
Cholo Soy,2
Cha Cha Cha,2
Thai Cafe,2
Olea Restaurant,2
Lime Tree,2
Little Swan Bakery,2
Geneva Steak House,2
Fang Yuan Kitchen,2
Pizza Hut,2
The Spot Lounge,2
Sanppo Restaurant,2
Quickly,2
Zaytoon,2
The Grubbies,2
New Nagano Sushi Restaurant,2
Creative Sushi Catering,2
Mels Drive In,2
Ambrosia Bakery,2
Alfaro Truck,2
Corks,2
Tasty Restaurant,2
Maxfield's House Of Caffeine,2
Sini Sf,2
Donuts & Things,2
Pho 2000,2
Evergreen Garden Restaurant,2
Bambu Desserts & Drinks,2
Tacolicious,2
Ty Sandwich,2
Cellarmaker House Of Pizza,2
Krispy Krunchy Chicken,2
Saison Restaurant,2
Garibaldis On Presidio,2
Irving Subs,2
Andytown Coffee Roasters,2
Purple Kow,2
Home Cafe,2
One Boiling Pot,2
903,2
Mission Pie,2
Oye Managua,2
Zzan,2
The Blue Light,2
Ashley's Cafe,2
The Meatball Bar,2
Equator Coffees & Teas,2
We Be Sushi,2
Sunflower Garden Restaurant,2
Happy Donuts,2
Tropisueno,2
Roam Artisan Burgers,2
Pollo Campero,2
Namu Stonepot,2
Le Petit Paris 75,2
Mason Diner,2
Hinata Sushi,2
Enter The Cafe,2
Dumpling Kitchen,2
Barzotto,2
Bazaar Cafe,2
Marnee Thai Restaurant,2
Project Juice,2
El Burrito Express #1,2
Powder,2
Left Coast Catering,2
Foundation Cafe,2
Hamburger Mary's Patio Cafe,2
Nara Sushi,2
Lemongrass Thai Cuisine,2
Cease & Desist,2
Tin Vietnamese Cuisine,2
Lam Hoa Thuan Restaurant,2
Joy's Place,2
Hawaiian Drive Inn #28,2
Green Bamboo,2
Bun Mee,2
Pluto's,2
Bite Me Sandwiches,2
Fat Beli Deli,2
Ppq Dungeness Island,2
La Loma Produce #8,2
Clement Street Bar & Grill,2
The Pots,2
Project Juice - Hayes,2
Dong Bei Mama,2
Tender,2
New York Pizza Kitchen,2
Purplekow,2
La Catrachita,2
Nopalito,2
Cafe Xo,2
Padrecito,2
Woodbury,2
Wok Shop Cafe,2
Gracias Madre,2
I'a Poke,2
Hon's Wun Tun House,2
Hello Sandwich & Noodle,2
Rosamunde Sausage Grill,2
Velo Rouge Cafe,2
Wing Lee Bakery,2
Teapenter,2
Zen Yai Thai Restaurant,2
Pizzeria Avellino,2
Cafe Murano,2
Papito,2
Hinodeya Ramen Bar Financial,2
The Chairman 2,2
Caffe Bianco,2
Dijon Burger,2
Taqueria La Paz,2
Cafe St Jorge,2
El Azteca Taqueria,2
Trou Normand,2
Atlas Tap Room,2
El Aji Peruvian Restaurant,2
Mi Lindo Peru,2
Gas Lamp,2
Nena's Restaurant,2
International Smoke,2
Chisme Cantina,2
Butter Love Bakeshop,2
Lemonade,2
Ty Pho,2
Teazzert Pho You,2
New Korea House,2
Jane,2
Ayola,2
Sushirrito,2
Hong Kong Lounge,2
Delarosa,2
Red Door Coffee,2
The Elite Cafe,2
J & E Restaurant,2
Lazy Bear,2
Los Planes De Renderos,2
Little Skillet,2
Zaoh Restaurant,2
Taylor Street Coffee Shop,2
Joe & The Juice,2
Polly Ann Ice Cream,2
Samovar Tea & Chai,2
Cafe Med,2
Javalencia Cafe,2
Earth's Coffee,2
Papa John's Pizza,2
Cafe Madeleine,2
Lou's Cafe,2
Pho At Bryant,2
Les Croissants Cafe,2
Double Decker,2
Sakesan,2
Super Cue Cafe,2
Nabe,2
A16,2
Luv A Java,2
Gallardos Mexican Restaurant,2
Poke Kana,2
Tawla,2
Red Hill Station,2
Atelier Crenn,2
Eleven O One,2
T Cup Cafe,2
Overtime,2
Patxis Chicago Pizza,2
Nook,2
Emmys Spaghetti Shack,2
Les Croissant,2
15 Romolo,2
La Fromagerie,2
Street Taco,2
Toasty,2
Maiwand Halal Kabob Truck,2
Alfred's Steakhouse,2
E Tea,2
Allstars Cafe,2
Bursa,2
Wayfare Tavern,2
Panera Bread,2
Fiddler's Green Of Sf,2
The Melt,2
Hall Of Flame Burgers,2
Golden Coffee,2
The Korean Kitchen,2
Cafe New Honolulu,2
Steap Tea Bar,2
Cafe Bellini,2
Sweet Basil,2
Muguboka Restaurant,2
Win Garden,2
Mr. Bread,2
Yu's Cafe,2
Hard Knox Cafe,2
Three Star Restaurant,2
Just Eat It,2
Kokkari Estiatorio,2
Dynamo Donuts,1
Jay's Cheesesteaks,1
The Bagel Bakery,1
China First,1
Nice Catch Sf,1
Smokin Warehouse Bbq Mobile,1
Las Cocineras Restaurant,1
Jp Morgan Chase,1
Firehouse Pizzeria,1
Janchay's Bistro.,1
Cocotte,1
Thanh Long Restaurant,1
Spruce,1
Palio Cafe,1
Cafe Venue Montgomery,1
Prairie,1
Louies Dim Sum,1
Banhwich,1
Grandma's Deli & Cafe,1
La Vie Vietnamese Restaurant,1
The House,1
Daniel's Cafe,1
Mr. T Cafe,1
Tartine Bakery,1
Lottas Bakery,1
Fillmore Heritage Center,1
Scarlett,1
Eagles Drift In Lounge,1
Elsy's Restaurant,1
Lucky Coffee,1
Mama Coco's Restaurant,1
One Waan Thai,1
Woods Outbound,1
Mi Yucatan,1
Native Burger,1
Da Cafe,1
Haus Coffee,1
Wild Pepper,1
Violet's,1
Golden Saba Seafood,1
Josey Baker Bread,1
Mansion On Sutter,1
Foreign Cinema,1
City Cafe,1
Alx By Alexander's Steakhouse,1
Pancho's Salsa Bar & Grill,1
Popsons,1
El Paisa Restaurant,1
Restaurante Familiar,1
Sparrow Bar And Kitchen,1
Atlas Cafe,1
Poke Life,1
Popeyes Famous Fried Chicken,1
Word A Cafe,1
Stonemill Matcha,1
Crepes Ooh Lala,1
Chavita's Mexican Restaurant,1
My Cup Of Tea,1
Canela,1
Jang Soo B.b.q,1
Rose Kitchen,1
Max's Opera Cafe,1
Judahlicious Juice,1
Shabusen,1
Beanstalk - Inner Richmond,1
Al's Super Cafe,1
J Georgies Donuts & Restaurant,1
Spaghetti Bros.,1
Tazza D'amore,1
Godiva Chocolatier,1
Ichi Kakiya,1
Ling Ling Cuisine Restaurant,1
Ton Kiang Restaurant Inc,1
The Broken Record Kitchen,1
Burger Urge,1
Campus,1
Chowder Hut Grill,1
Little Paris,1
Hinodeya,1
Sweet Lime Restaurant,1
Patxis Pizza,1
Crostini And Java,1
Amici's East Coast Pizzeria,1
Bobo,1
Top Round Roast Beef,1
Bella 3848,1
Pa'ina Lounge & Restaurant,1
Silver Cafe,1
Tuyet Mai,1
Creative Ideas Catering Sf,1
Presidio Pizza Company,1
Arsicault Bakery,1
Katana-Ya (Usa) Corporation,1
3rd Cousin,1
Eureka Restaurant & Lounge,1
Spreadz,1
San Francisco Rinse,1
The Sentinel Restaurant,1
A Desi Cafe,1
Puerto Alegre No. 2,1
Lolo Valencia,1
Spinnerie,1
K-Elements Bbq,1
Piraat Pizzeria,1
Osso Steakhouse,1
Tasty Pot,1
Raw Sugar Factory,1
Le Central Restaurant,1
Miraloma Market,1
Tao Sushi,1
Corridor,1
Villa Deste,1
Z & Y Restaurant,1
Foghorn Taproom,1
Asa Sushi,1
Sunset29 Bbq,1
Shabu House,1
Sunflower Restaurant,1
Pebbles Cafe,1
Okina Sushi,1
Niji Japanese Grille,1
Kama Lounge,1
Rose's Cafe,1
Chaat Corner - Powell St,1
El Oaxaqueno Bakery & Rest,1
Sprig Cafe,1
Thai Nghiep Ky Mi Gia Restaurant,1
Amelie,1
Upstairs Bar,1
Pesce E Riso Restaurant,1
Reinas Restaurant,1
Roma Pizzeria,1
Volare Pizza And Restaurant,1
Le Petitt's Kitchen,1
El Norteno,1
Darrens Cafe,1
Mustafio's Pizza,1
Zarzuela,1
Lovejoy's Tea Room & Antiques,1
Banh Mi House,1
Grubstake,1
Maple Restaurant,1
Bellota,1
The Coffeesmith,1
Cup,1
Clooneys,1
Wooden Spoon,1
Barneys Hamburger,1
R Bar,1
Tai Chi Restaurant,1
Latte Express #5,1
Opa Cafe,1
Buttermilk Southern Kitchen,1
House Of Nanking,1
Sun Rise Restaurant,1
5 Degree Tea House,1
Thailand Restaurant,1
Conching's Kusina,1
Vega,1
Yukol Place,1
Hahdough,1
Brickhouse Cafe,1
Boomerang Cocktail Lounge,1
Bloomstock,1
Genji Sushi,1
Good Gai's,1
Peninsula Seafood Restaurant,1
Bing & Boba,1
U Subway #33355,1
Hook Fish Company,1
Akira Japanese Restaurant,1
Wasabi And Ginger,1
Bai Som Thai Kitchen,1
Pinhole Coffee,1
Onigilly,1
Vinorosso,1
The Lunch Box,1
State Bird Provisions,1
Poke Delish,1
Gigabites,1
Woodhouse Fish Co,1
Ted's Market,1
Hippie Thai Street Food,1
Quetzal,1
Eight Am,1
Gordo Taqueria #6,1
Borobudur Restaurant,1
Gaspare's Pizza House & Rest,1
Alborz Restaurant,1
Holy Kitchen,1
Noriega Teriyaki House,1
Farmhouse Kitchen Thai Cuisine,1
Grinders Pizzeria,1
Presidio Golf Cafe,1
Fiorella,1
Lottavo Ristorante,1
Mister Jiu's,1
Crepes On Cole,1
Ippudo,1
Tacko Shop,1
Brothers Pizza,1
Odumak,1
Homegrown Sustainable Sandwiches,1
Mandarin House Sf,1
Laguna Cafe,1
Pizzahacker,1
Sams Grill & Seafood Restaurant,1
Hermanos Coffee & Juice Bar,1
Ruths Chris Steak House Inc,1
Saru,1
Poke Bar,1
Ristorante Ti Piacera,1
Bota Tapas & Paella Bar,1
The Cordial,1
Pizza Express,1
Mission Boricua,1
The Hidden Vine Wine Bar,1
Fish & Chix Mesquite Grill,1
Ace Wasabis Rock N Roll Sushi,1
Harbor Villa Restaurant,1
Hwaro,1
Wonderful Foods,1
Sf University High School,1
Sushi Ondo,1
Charlies Cafe,1
Marcello's Pizza,1
Ts Cafe,1
Yo Tambien Cantina,1
Craw Station,1
Cafe Guatemalteco,1
Mama Ji's,1
Pot & Noodle,1
Babys Eatery & Palabok,1
Panini,1
La Spot,1
Jin Mi Bbq & Tofu,1
House Of Xian Dumpling,1
Nan King Road Bistro,1
Crown & Crumpet,1
San Vicente Restaurant,1
Krua-Thai Kitchen,1
The Dubliner,1
Kim Son Restaurant,1
Qingshu,1
Outerlands,1
Cibi Cotti,1
Wooly Pig,1
Rockit Swirl,1
Wan Kee Restaurant,1
Drumm Liquor Deli,1
Virgil's Sea Room,1
1601 Bar & Kitchen,1
Mars Bar & Restaurant,1
Golden Lotus,1
Xanath,1
Thai Cottage Restaurant,1
The Valley Tavern,1
Men-On,1
Sf Hilton Employee Cafe,1
The Snug,1
The Fruit Tree,1
Madrone,1
Pho Hour,1
Sweet Basil Thai Cuisine,1
Focaccia Market Bakery,1
No No Burger,1
Togo's,1
Broken Record Kitchen,1
Wise Sons At The Jewish Museum,1
Churchill,1
Ritu Indian Soul Food,1
Nob Hill Tavern,1
Southside Spirit House,1
Stookey's,1
Parkside Tavern,1
Cafe La Flore,1
El Super Burrito,1
Tilak Indian Cuisine,1
Grant & Green Saloon,1
Pizza Zone,1
Navin Thai Restaurant,1
Iku Sushi,1
Ha Nam Ninh Restaurant,1
Kitchen Story Cafe,1
Good Earth Cafe,1
Eliza's Restaurant,1
Innerfog,1
Grand Coffee,1
New Eritrea Restaurant & Bar,1
Cafe Rosso,1
398 Brasserie,1
Samila Thai Restaurant,1
The Pork Exchange,1
New Emmys Restaurant,1
Bar Via,1
Gaspare's Pizza House And Restaurant,1
Preservation Hall West,1
Knights Catering,1
Sea Breeze Cafe,1
Estrellita Snacks,1
Jiangnan Cuisine,1
Muddys Coffee House,1
The Chapel Restaurant,1
Stop N Wrap,1
Alembic Bar,1
Dapper Dog,1
Guilin Rice Noodles House,1
Papa Johns,1
Dynamo Donut & Coffee,1
Ichi Sushi,1
Diamond Cafe,1
Craftsman And Wolves Valencia,1
San Francisco General Hospital,1
San Francisco Towers,1
Tekka House,1
Calle-11,1
Benihana Of Tokyo,1
Mikado Sushi Restaurant,1
Zazang Restaurant,1
Home Plate,1
Pasquales Pizzeria #2,1
Tartine All Day,1
U :Dessert Story,1
Salt House,1
The Station,1
Aveline,1
Isa Restaurant,1
Moulin Cafe,1
China Fun Express,1
District Tea,1
Good Mongkok Bakery,1
Columbus Cafe,1
Flore,1
Soma Streat Food Park,1
Taqueria Los Coyotes No 2 Inc,1
Lone Palm Bar,1
Sweet Chinito,1
House Of Thai,1
Honey Honey Cafe,1
37 Degree Dessert Cafe,1
Venus Cafe,1
Hazel Southern Bar And Kitchen,1
Local Diner,1
The Tradesman,1
Hillside Supper Club,1
The Midnight Sun,1
Foxsister,1
Cafe La Vie,1
Rocks Den,1
Per Diem,1
Pancho Villa Taqueria,1
B44,1
Dagwood & Scoops,1
Swig Bar,1
Milan Pizza,1
Hayes Valley Bakeworks,1
Duboce Truck Stop,1
Ping & Yang,1
Barcha,1
Media Noche,1
House Of Hunan,1
John's Grill Inc,1
Hot Spud,1
Taco Taco,1
Ceremony Beverage Catering,1
The Grove-Yerba Buena,1
Wine & Wall,1
Palmers,1
Coffee Mission,1
Streat Fleet,1
Fishermans Grotto #9,1
Two Sons' Sandwiches,1
Saha,1
Plouf,1
Kinjo,1
Basil Canteen,1
Dosa,1
Hong Kong Lounge Ii,1
Clement Street Farmers Market,1
Baby Blues Bbq San Francisco,1
The Pizza Place On Noriega,1
The Chieftain Irish Pub,1
Royal Bakery,1
Jitlada Thai Cuisine,1
Malasa,1
50/50,1
Cafe Mars,1
Yamasho Restaurant & Karaoke Room,1
Wetzel's Pretzels,1
Local Edition,1
Tartine Manufactory,1
Blackthorn,1
Akiba,1
The Olympic Cafe,1
Bar Basic,1
21st Amendment Brewery,1
Breakfast At Tiffany's,1
Let's Roll,1
Paper Rooster,1
Big Joe's,1
Jm Liquor,1
Samovar,1
Supreme Pizza,1
Lunchpad,1
The Lunchpad,1
Sf Hilton Lobby Bar,1
Slurp Noodle Bar,1
Tia Ampa,1
Geneva Bubble Tea,1
Pachino Pizzeria,1
Taqueria Mexico Tipico,1
Tony's Cable Car Restaurant,1
Sf Wraps,1
Mission Curry House,1
Mission Coffee,1
Underground Grill Kings,1
Fangyuan Kitchen,1
Sweet Maple Coffee Shop,1
Daigo Sushi,1
Carbon Lounge,1
A La Turca,1
Azucar Lounge,1
Yuanbao Jiaozi,1
An Chi,1
Keeva Indian Kitchen,1
Zeitgeist,1
25 Lusk Restaurant,1
Pizzeria Due,1
Phu Quoc Beef Noodle House,1
The Bagel Bakery Cafe,1
Gourmand,1
Leos Luxury Oyster Bar,1
Paulines Pizza,1
Norman's Ice Cream & Freezes,1
Anton's Pizza & Burgers,1
The Dorian,1
Amsterdam,1
Lovejoy's,1
Wang Wah Restaurant,1
The Richmond,1
Spressa,1
Flour + Water,1
Nahua Pizza,1
Trick Dog,1
Wako Japanese Restaurant,1
Terzo,1
Tawara,1
Bergerac,1
Ton Ton,1
L's Caffe,1
83 Proof,1
20 Spot Mission,1
Chou Chou Bakery Bistro,1
The Homestead,1
Tazaki Sushi,1
707 Sutter,1
Daily Grill San Francisco,1
Parklab Gardens,1
Honey Pig,1
Palmetto Superfoods,1
The Salt House,1
Oji,1
Zabb Cuisine,1
Chug Pub,1
Blue Front Deli & Cafe,1
Doppio Zero,1
Nute's,1
Stone Bowl,1
Las Tinajas Restaurant,1
Ushio Ramen,1
Pho Vung Tau,1
The Morning Fix,1
Capo's,1
Mealmade,1
The Little Fresh,1
K's Kitchen,1
Daily Driver,1
Hidden Star Orchards @Stonestown Farmers Market,1
Flor De Cafe,1
Panzon,1
Cafe Rocco,1
Fish N Gari,1
Takuya,1
Anina,1
Golden Horse Restaurant,1
Kozy Kar,1
Piccino,1
Aunt Fannys Hot Pretzel,1
San Miguel Restaurant #2,1
The Corner Spot,1
Kaiju Cooks,1
Coffee Bar Kearny,1
Kingdom Of Dumpling,1
Mission Street Sports Bar,1
Fiorella Polk,1
Sue's Kitchen,1
Bar Crudo,1
Tsing Tao 2 Chinese Restaurant,1
Sam Jordans Bar,1
Streamline,1
Burrito Loco,1
Royal Indian Cuisine,1
Davies Loge Bar,1
The Salad Place & Rotisserie,1
Chang Hong Meat Market,1
Mourad,1
On Dogdog,1
Sweet Honey,1
Cafe Flore,1
The Civic Kitchen,1
Han Bat Korean Restaurant,1
Pampanguena Cuisine,1
Papi Rico,1
Vegan Picnic,1
Jane On Fillmore,1
Alegrias Food From Spain,1
The Alembic,1
Ilana Cafe,1
Original Bakery,1
Yummy Home Plate,1
Mission Asia Noodle,1
Empero Taste,1
Grumpy Cafe,1
Little Bee Baking,1
Heritage,1
Hole In The Wall Coffee,1
The One Sushi & Lounge,1
Lava Restaurant & Lounge,1
Blowfish To Die For,1
Mi Familia Taqueria,1
Bobo's,1
Streat Brew,1
Grasslands,1
Youngs Restaurant,1
Gallardo's Mexican Restaurant,1
Elda,1
Oscar's Burger & Deli,1
Donburi Ya,1
Back Room,1
You See Sushi,1
Cheung Yuen Dim Sum,1
The Matterhorn Restaurant And Bakery,1
Bouche,1
Orientalia Pizza,1
U Dessert Story,1
Caffe Trieste,1
The Ice Cream Bar,1
Rumors,1
Panchos Salsa Bar & Grill,1
Lalita Thai Restaurant & Bar,1
Chaiya Thai Restaurant,1
Mission Minis,1
Hai's Restaurant,1
Miki Restaurant,1
Center Cafe,1
Over The Moon,1
Cherry Blossom Bakery,1
Bon Appetit @ Usf Crossroads,1
Raijin Restaurant,1
B B Tea,1
Lchaim Foods,1
Jim Georgie's Donut,1
Garden House Cafe,1
Dada Bar,1
Subway 31419,1
Catch,1
Hahn's Hibachi #6,1
Twin Peaks Tavern,1
Strada Pizza,1
Peet's Coffee And Tea Inc,1
Sidewalk Juice Bar,1
Cilantro Sf Taqueria,1
4505 Burgers And Bbq,1
Nucha,1
Chili Cha Cha 2,1
Davies Symphony - Lodge Level,1
Barbara Pinseria & Cocktail Bar,1
Spice Affairs,1
El Beach Burrito,1
Osakaya Restaurant,1
Heung Yuen Restaurant,1
Chef Yu Chinese Cuisine,1
Venticello Ristorante,1
Marlowe,1
El Porteno 1 Restaurant,1
Calabria Bros,1
Just Wonton,1
Doma Sushi Bar,1
Bow Bow Cocktail Lounge,1
San Tung Restaurant,1
Cup Cafe,1
24th Street Bar,1
Hai Sun Restaurant,1
Manna,1
Dancing Bull,1
Pianofight,1
Burger King #3684,1
Union Larder,1
The Spice Jar,1
Aux Delices Vietnam Restaurant,1
Recovery Room,1
Yellow Submarine,1
Pescatore Restaurant,1
Lois Vietnamese Restaurant,1
Coffee Bar-Kearny,1
Chowders,1
The Dark Horse Inn,1
Mamahuhu,1
New Village Cafe,1
Crazy Pepper,1
Cheesecake Factory The,1
Hunan House,1
Cafe Europa,1
Hobson's Choice Bar,1
Poesia,1
Lovejoy's Tea Room,1
Extreme Pizza,1
Sf Mix,1
Milk Bar,1
Mymy,1
Mongol Cafe,1
Velvet Cantina,1
Lone Star Saloon,1
Peacekeeper,1
Hoffmann's Grill & Rotisserie,1
Korean Village Restaurant,1
Yamo,1
Cake Coquette,1
Little Paris Coffee Shop,1
Capital Restaurant,1
Esperpento Tapas Restaurant,1
Chomp N' Swig,1
Mcteague's Saloon,1
Alx,1
Nari,1
Pasquales Pizzeria,1
The Roosevelt,1
Gratta Wines,1
Daily Health,1
Cove Cafe,1
Iku,1
Coco's Ramen,1
La Roccas Corner,1
Salty's,1
Zare At Fly Trap,1
Cafe Capriccio,1
Piece Of Heaven,1
Alices Restaurant,1
Halal Wings Plus,1
The Blue Plate,1
La Folie,1
Troya Mediterranean Soma,1
Pabu,1
Noon-All Day,1
Uva Enoteca,1
Quince Restaurant,1
Frances,1
Coast Poke Counter,1
Junior,1
Gentilly,1
Karachi Classics,1
Vallarta's Taco Bar,1
The Sequoias,1
Wasabi Bistro,1
Grumpys American Pub,1
Odang Udon,1
Goat Hill Pizza,1
Louis Restaurant,1
Samovar Online,1
Dragon River Restaurant,1
Little Beijing  Restaurant,1
Hd Rice Noodles,1
Perbacco,1
Kazuo Kitchen,1
Beauty Bar,1
The Liquid Caterers,1
Mission Sports Bar,1
The Roastery,1
Donut Time,1
Allstars Donuts And Burgers,1
Gateway Croissants,1
Vanida Thai Kitchen,1
Golden Chariot Bakery & Rest,1
Chatz Coffee,1
Yh-Beijing,1
B & J 1/4lb Burger,1
Pak Nam Thai Cuisine,1
Cockscomb,1
Heyday,1
Hot Cookie,1
Izzys Steak & Chop House,1
The Posh Bagel,1
Essi,1
Corridor Cafe,1
Okoze Sushi,1
E & O Kitchen And Bar,1
Chopsticks Restaurant,1
Naan-N-Curry,1
Dos Pinas,1
Lafayette Coffee Shop,1
Southern Pacific Brewing,1
Sakanabune Japanese Restaurant,1
Blackbird Bar,1
Tasty Coffee,1
Eddies Cafe,1
Panchitas,1
Rice Paper Scissors,1
Fermentation Lab,1
Ben Thai,1
Manivanh Thai Restaurant,1
Bullshead Restaurant,1
Osteria,1
Crustacean Restaurant,1
Coffeeshop-3139 Mission,1
Absinthe,1
Taqueria Dos Charros,1
Piperade Restaurant,1
Cafe At The Opera,1
Metro Hong Kong Dessert,1
Farming Hope,1
Kasa Indian Eatery,1
The Masonic Auditorium,1
Cafe Rx,1
Back East Sandwich Shop,1
Groceries For Seniors,1
Waraku,1
Moby Dick Bar,1
The Nature Stop,1
Natoma Cabana,1
Urban Remedy,1
Castillito Yucateco,1
Owl Tree The,1
Chloes,1
Camp,1
L & L Hawaiian Barbecue,1
Tanguito Restaurant,1
Churchkey,1
Purple Rice,1
Mazarine Coffee,1
Dispensa Italian Charcoal Kitchen,1
Two Sons Sandwiches,1
Harlot,1
New Sweetheart Bakery,1
Bar 821,1
Betty Lou's Seafood & Grill,1
Aditi Indian Cuisine,1
First Cake,1
Al-Masri Egyptian Restaurant,1
The Sweet House,1
Casa De La Condesa Restaurant,1
Oolong Noodles Restaurant,1
Resolute,1
Taco Shop At Underdogs,1
Fang,1
El Rio Your Dive,1
Irving Subs & Stuff,1
Taiwan Restaurant,1
Eleven Eleven,1
Jin Mi Korean Cuisine,1
Bayview Barber Shop,1
Sunday At The Museum,1
Reina's Restaurant,1
Beach Chalet The,1
Z Zoul Cafe,1
Donairos Pizza,1
Philippine Delicacies,1
Oyaji Restaurant,1
Fresh Green,1
Global Gourmet,1
Sultans Kebab,1
The Meat House,1
Robin,1
Tea Plus,1
El Pollo Supremo,1
Beyond Burma,1
Alchemist Bar & Lounge,1
Palermo Ii Delicatessen,1
Red House Bakery,1
Gold Corner Cafe,1
House Of Hunan Restaurant,1
Manitas Cafe & Deli,1
Maxs Opera Cafe,1
Sushi Hunter,1
Green Island Restaurant,1
Village Pizzeria Van Ness,1
Cultivar,1
New Asia Restaurant,1
Loving Cup Polk,1
Basil Thai Restaurant & Bar,1
Hong Kee & Kim,1
Kirimachi,1
Super Pan,1
Rigolo,1
King Of Thai Noodle Cafe,1
Nara,1
Chipotle Mexican Grill,1
Great India Restaurant,1
Little Star Pizza,1
Mais Vietnamese Restaurant,1
Hawaiian Drive Inn,1
Mythic Pizza,1
The Chapel Sf,1
Barney's Gourmet Burger,1
The Sycamore,1
Les Croissants,1
Firepie,1
Cassava,1
Eight Immortals Restaurant,1
Saiwalks,1
Munchies Pizzeria,1
City View Restaurant,1
Thirsty Bear Brewing Company,1
Chef Hunan Chinese Restaurant,1
Ardiana,1
Sababa,1
Barrel Proof,1
Buckhorn Grill,1
Mateo's Bay Area Hot Dogs,1
Cafe Pescatore,1
Han Il Kwan,1
Precita Park Cafe,1
Wildseed,1
Christopher's Catering,1
Nokturnal,1
Vegefarm,1
Hinodeya Financial,1
Fior D'italia,1
Andrea's Bakery,1
Cancun Restaurant,1
Stem Kitchen And Garden,1
Subway 30303,1
La Corneta Taqueria,1
Jade Cafe,1
Mandalay Restaurant,1
Chieftain The,1
Bourbon And Branch,1
Pakwan Restaurant,1
Sam's Diner,1
Panhandle Pizza,1
Golden Donuts,1
Liguria Bakery,1
Charin,1
Sushi Kinta,1
Roxie Food Center,1
Boboquivari's The Steak,1
Hot Zushi,1
Orson's Belly,1
San Francisco Toad Hall,1
John Colins,1
Kui Shin Bo #2,1
Christopher Elbow Chocolates,1
Hunan Chef Restaurant,1
Mortons The Steakhouse,1
Taqueria Cancun #3,1
Phoenician Voyager,1
Waterbar,1
Tony Nik's Cafe,1
Dosa Allee,1
San Francisco Brewing Co - Brewery,1
Hans Coffee Shop,1
Metropolitan Catering,1
Mymy Coffee Shop,1
Dandy,1
Pearl,1
Simple Pleasures Cafe,1
Olivos Taqueria,1
Shanghai China Restaurant,1
Tselogs,1
Pho Huynh Sang,1
Prospect,1
Fifty/fifty,1
Bdk Restaurant,1
The European,1
Crepe & Curry,1
Vinyl,1
Frascati,1
The Armory Club,1
Moxies,1
The Story Of Ramen,1
Tower Burger,1
Ocean Thai,1
El Trebol Bar #3,1
There Sushi-Bar & Restaurant,1
The Grind Cafe,1
Arang Restaurant,1
Bao Bao Noodle Bar,1
Phat Philly,1
S P Q R,1
Sno-Crave Tea House,1
Ijji,1
Carmel Pizza Company,1
Abc Falafel,1
Nobuyuki,1
Usagi,1
Besharam,1
Yuzuki Japanese Eatery,1
Gaspar,1
Mrs Fields Cookies,1
1428 Haight,1
Locanda,1
House Of Prime Rib,1
Amarena Restaurant,1
Tekka Japanese Restaurant,1
True Laurel,1
Cafe X,1
Oki Sushi,1
Merchant Roots,1
Tataki Sushi And Sake Bar,1
Grandeho's Kamekyo,1
Dumpling Alley,1
Rich Table,1
Sushi Taka,1
Farm: Table,1
Far East Cafe,1
Arts Cafe,1
Zuni Cafe,1
Native Twins Coffee,1
Boulevard,1
Taco Guapo,1
Jardiniere Restaurant,1
Beretta,1
Henry's Hunan Restaurant,1
Benjamin Cooper,1
Cafe Bakery,1
Boug Creole Deli,1
Caffe Sport,1
Zushi Puzzle Inc,1
Fog City,1
Original Mccarthys,1
Caffe Sapore,1
Mom Banh Mi,1
Ramen City,1
Yogi Food Market,1
Crossroads Pizzeria Cafe,1
Myriad,1
Toad Hall,1
Tadu Ethiopian Kitchen,1
El Gran Taco Loco,1
Barnzu,1
G And R Market,1
Fiery Cafe,1
Cento Osteria,1
Van Ness Cafe & Gyros,1
Street Restaurant,1
Dunya Bistro,1
Old Devil Moon,1
Rolling-Out,1
Amasia Hides Sushi Bar,1
House Of Sushi,1
Sri Thai Cuisine,1
Boom Boom Room,1
Ming's Diner,1
Belle Cora,1
Cafe De La Mission,1
First Cup,1
Nico,1
Ramen Yamadaya,1
What The Cluck,1
Jo Jo's Cafe,1
Troy Greek Cuisin,1
Causwells,1
Stop-N-Wrap Cafe,1
College Market,1
Hole In The Wall Saloon,1
Piazza Pellegrini,1
Kaiyo Restaurant & Bar,1
Pizza Squared,1
Sf Hole In The Wall Pizza,1
Birdsong,1
Loving Hut Vegan Cuisine,1
Spaghetti Brothers,1
Little Delhi India Restaurant,1
Bistro Central Parc,1
Little Henry's,1
Applebees Neighborhood Grill,1
Cozy Cable Car Cafe,1
Yum Yum Hunan,1
Spin City,1
Zoe's,1
Hot Pot Garden,1
Cathead's Bbq,1
Two Jacks Seafood,1
Linkedin Cafe,1
Dynamo,1
Gashead Tavern,1
Spqr,1
Park Gyros Castro,1
Zerocater,1
Rickhouse,1
Chef Li's Cafe,1
Cafe Savor,1
Sorrel Restaurant,1
8090 Friendship Restaurant,1
Surisan,1
Emanuel Coffee,1
The Greenwich,1
New Jumbo Seafood Restaurant,1
In N Out Burger #154,1
Teazo,1
Artesano,1
D'maize,1
Garden Creamery,1
Hooker's Sweet Treats,1
The Place,1
Pagoda,1
The Wooden Nickel,1
Mission Chinese Food Sf,1
The Italian Homemade Company Marina,1
Bistro Gambrinus,1
New King Dumpling,1
Nihon Whisky Lounge,1
Cafe La Tazita,1
Nobhill Pizza & Shawerma,1
Two Jacks,1
Mission Picnic,1
Taqueria Los Mayas,1
Bean Bag Cafe,1
Global Gourmet Catering,1
Rum And Sugar,1
Abc Cafe,1
Gamine,1
I Pot,1
Sunset Reservoir Brewing Co,1
Local Cafe,1
Sauce Belden,1
Cafe La Flore I,1
Fresh Meat Market,1
Hollow Cow,1
Seokyo,1
Tommy's Restaurant,1
Bebebar Juice And Sandwich,1
Atwater Tavern,1
Leopolds,1
Best Of Thai Noodle,1
Boavida,1
Oriental Pearl Restaurant,1
Dosa On Fillmore,1
Goodfellas Pizzeria & Grill,1
Wayo,1
Dogpatch Saloon,1
Native Catering Sf,1
Koja Kitchen Ca01,1
Kio Ramen,1
Coffee Cabin,1
Azalina's,1
Promenade Cafe,1
Ovok,1
Izakaya Yoki,1
Pearl 6101,1
Jackalope,1
Eddie's Cafe,1
Harvey's,1
Oz Pizza,1
Hot Sauce And Panko,1
Godzila Sushi Inc,1
Boos Voni,1
Russian Renaissance Restaurant,1
Culinary Eye Inc,1
Red's Java House,1
La Espiga De Oro,1
Bissap Baobab,1
Basque Hotel,1
Wise Sons Delicatessen,1
Queen Malika,1
Magic Flute,1
San Francisco Badlands,1
Native Co.,1
Gold Mirror Italian Restaurant,1
Togo's Eateries,1
Tans Cafe Iii,1
Moka Coffee,1
Valentina Ristorante,1
Menkee Wonton,1
Tunnel Top Bar,1
Deccan Spice By M&m,1
Via Veneto,1
Bistro Sf Grill,1
Pescatore,1
Little Heaven Deli,1
Mokis Sushi And Pacific Grill,1
The Pawn Shop,1
Yasmin,1
Ramenwell,1
Makli Restaurant,1
Kantine,1
Salt & Straw - Fillmore,1
Working Girls Cafe,1
Universal Cafe,1
Chalos,1
Love Joy,1
Wine Down,1
Dinosaurs,1
Tuba Express Mediterranean Kebab And Gyro,1
Yo Soy Cafe Guatemalteco,1
Jane On Larkin,1
Panda Express,1
Tamashi,1
Hell's Ramen,1
The Crepevine,1
Bi-Rite Creamery,1
Slow Club,1
Oriental Seafood Restaurant,1
El Picacho,1
Poc-Chuc Restaurant,1
Alley House,1
Ithai,1
Sabor De San Miguel,1
Great Eastern Restaurant,1
Uncle Boy's,1
Club Kristi,1
Bobos The Steak The Crab,1
Mong Thu Coffee Shop,1
The Soapbox Cafe,1
Cafe 2238,1
Park 77 Bar,1
Dabba,1
El Rinconcito Catracho 2,1
Palace Of Spices,1
Lers Ros Thai Noodle,1
Akiko's,1
Local Kitchen & Wine Merchant,1
Southpaw Bbq,1
Radio Africa & Kitchen,1
Pops Sandwich Shop,1
Club Bottoms Up,1
Coffee To The People,1
Chico's Grill,1
So,1
Eggwhite Cafe,1
Dna Lounge,1
Xpresso Tea,1
Volcano Kitchen,1
Copyright,1
Tofu Village,1
Creighton's Cheese & Fine Food,1
Yank Sing,1
Tsubasa Sushi,1
Michael Mina,1
G & L Bakery And Restaurant,1
Oh Dessert Cafe,1
Beijing Restaurant,1
Chava's Mexican Restaurant,1
Blackwood Thai,1
Aloha Hawaiian Barbecue,1
Tratto,1
Ma's Dim Sum & Cafe,1
Xiao Long Bao Restaurant,1
Coffee Bar-Montgomery,1
Celias No 1 Restaurant,1
Gaspare's Pizza House & Italian Restaurant,1
Quinceanera,1
St. Regis Hotel San Francisco Employee Cafeteria,1
Aria,1
Iron & Gold,1
Lupa,1
Zita,1
Bar Crenn,1
Franklin Market,1
Wise Sons,1
Lavash,1
Mayes Oyster House,1
Our Poke Place,1
Batter Up,1
Stacks Restaurant,1
Alexander's Steakhouse Inc,1
Superior Palace Seafood Rest,1
Amitis Cafe,1
Del Popolo,1
Haight & Cole Liquor,1
Venga Empanadas,1
Trademark & Copyright,1
La Quinta Restaurant,1
Golden Gate Tap Room & Grill,1
E & O Trading Company,1
Izakaya Hashibiro Kou,1
Elephant Sushi,1
Peking Restaurant,1
Kobe Bento,1
The Boardroom,1
Isa,1
Vegan-N-Kabob,1
The Saloon,1
Delicioso Creperie,1
Tahini,1
Kenjis Sushiya,1
Oz,1
Flores,1
Bills Place,1
Los Reyes Restaurant,1
Flytrap,1
Destino,1
Jim's Restaurant,1
Internos Wine Cafe,1
San Francisco Hi-Lo Club,1
Bite,1
Papi's Fusion Deli,1
Taqueria El Farolito #10,1
Hi-Way,1
Herb N Kitchen,1
New Golden Daisy,1
Brew Cha,1
Woerners Liquors,1
The Broken Record,1
Toyama Japanese Restaurant,1
Chiotras Grocery,1
Cream,1
Bambino's Ristorante,1
The Sea Star,1
Hina Yakitori,1
Original Buffalo Wings,1
Pica Pica Maize Kitchen,1
Sultan's Kebab,1
Roxanne Cafe,1
Subnation,1
Tiffany's Cafe,1
Grain D'or,1
Anh Hong Express,1
Cable Car Corner,1
One Up,1
El Nuevo Frutilandia,1
Twin Peaks Pizza And Pasta,1
Ming Hui Dim Sum,1
Notes From Underground Cafe,1
Milkbomb Ice Cream,1
Liholiho Yacht Club,1
Front Porch The,1
Town Hall Restaurant,1
The Pizza Shop,1
Bistro Kazan,1
La Ciccia,1
Nectar Wine Lounge,1
Cheese Boutique,1
Casa Piena,1
Barney's Marina Hamburgers,1
Alchemy Kitchen,1
Curry Up Now,1
One Market Restaurant,1
Fluid Ultra Lounge,1
Taqueria El Farolito #1,1
Pho Dong Huong,1
Kitava,1
Jijime,1
Ii-Cha,1
Novela,1
Tio Chilo's Grill,1
Hawthorn,1
Mantel Bar,1
Taqueria San Francisco,1
El Rancho Grande Taqueria,1
Laihong Restaurant,1
Tinker Kitchen,1
Happy Cow Creamery & Tea,1
Sweet Joannas Cafe,1
Joe's Ice Cream,1
Central Coffee Tea & Spice,1
Henrys Hunan Restaurant,1
Buena Vista Cafe,1
Caffe Capriccio,1
Lawrence Bakery Cafe,1
"Alembic, Sf",1
Bobs Donuts & Pastries,1
Howells,1
The Barrel Room,1
Pushcart Fare,1
Pronto Pizza,1
Palermo Pizza & Sandwiches,1
Imperial Garden Seafood Rest,1
Sushi Rapture,1
The Cakemaker,1
Silver Cloud,1
Brenda's French Soul Food,1
El Toro Taqueria,1
Kirin Restaurant,1
The Sacred Grounds Cafe,1
Hotel San Francisco,1
Steep,1
Kim Thanh Restaurant,1
Deliboard,1
Bar Agricole,1
Cuppa,1
Teo,1
Cinna Bar,1
G & G Produce,1
Grandma's Saloon,1
Barneys Marina,1
Crossroad Pizzeria,1
Sini San Francisco,1
Champa Garden,1
The Cavalier Lobby Bar,1
Holy Water,1
Takoba Sf,1
E & O Asian Kitchen,1
Riverside Seafood Restaurant,1
Kebab King,1
Sushi Umi,1
The Final Final,1
Old Skool Cafe,1
Barrio,1
Craftsman And Wolves The Den,1
Revelry Bistro,1
Pancho's Mexican Grill,1
Ace's,1
The Brew Coop,1
Le Dix-Sept,1
Juicy Jane,1
Inca Juices,1
Ristorante Parma,1
Yakiniq,1
Ten Ichi Japanese Restaurant,1
Greaser Coffee,1
Fourbarrel Coffee,1
Jones,1
The Hearth,1
War Memorial Opera House,1
Lale,1
Pacific Food Mart,1
Jackson Fillmore Trattoria,1
California Golden Cookies,1
The Pine Tar Grill And Bar,1
Mela Tandoori Kitchen,1
The Progress,1
California Produce,1
India Clay Oven Restaurant/bar,1
Jiffy Dog,1
Fumi Curry,1
Cafe Bean,1
Plaj,1
Kin Khao Thai Eatery,1
La Marsa,1
Zero Zero,1
Destination Baking Company,1
Dobbs Ferry,1
Little Shamrock The,1
Saucy Asian,1
Spicy Garden Restaurant,1
Hillstone Restaurant,1
Hi Tea,1
Pete's Deli,1
Maruya,1
Saiwaii Ramen,1
Pine Tar Grill And Bar,1
Andytown,1
Marthitas Restaurant,1
Assab,1
Bernal Heights Pizzeria,1
Battery Street Coffee Roastery,1
Noah's New York Bagels #2147,1
Grill Spot,1
Mcdonalds 24th & Mission,1
Firewood Cafe The,1
Howard Street Coffee Roastery,1
Flower Market Cafe,1
Osha Thai Noodle Cafe,1
Jade Garden,1
Maybeck's,1
Manny's,1
The Pour House,1
Genki Ramen,1
Beaux,1
Kitchen Istanbul,1
Kabob Trolley,1
Zanzes Cheesecake,1
Sens Restaurant,1
El Mansour,1
Siam Lotus Thai Cuisine,1
Mokuku,1
Cafe Alma,1
Kokio Republic,1
Veganburg,1
Malasa Sf,1
Theorita,1
Bullitt,1
Project Open Hand,1
Nieves Cinco De Mayo Produce,1
Antonelli Brothers Meat Fish &,1
Bacchus Kirk,1
Beloved Cafe,1
The Lister,1
Goood Frikin Chicken,1
Balompie Cafe No 3,1
Reed & Greenough,1
Local Food Hall,1
Coletta Gelato,1
Rin's,1
Californios,1
Estela's Donburi,1
Simmer Hot Pot,1
Pork Store Cafe,1
Bacchus Wine & Sake Bar,1
Francisca's,1
Shanghai Dumpling King 2,1
Wesburger N' More,1
Wing Lee Bbq Restaurant,1
Breaking Bread,1
Munchies Pizza,1
City Nights,1
El Paraiso,1
Last Rites,1
Cafe Bunn Mi,1
Golden Eagle Deli & Grill,1
Victoria Pastry Co,1
Cafe Zoetrope,1
Garaje,1
8090 Friendship Restaurant & Bar,1
Jaxson,1
Bix,1
Chapter 2 Coffee,1
Tataki Sushi & Saki Bar,1
Henry's Convenience Store,1
Gabriella's Pizza,1
Red's Place,1
The Willows,1
All Season Sushi,1
Won Ton House,1
Skylark,1
Yield,1
Chez Maman West,1
San Francisco Athletic Club,1
Soul Food City,1
Shin Dig,1
Hamburger Haven,1
The Lucky Pig,1
Blue Fig The,1
The Knockout,1
Sweet Delight Bakery,1
Cha Cha Cha Restaurant,1
Cala,1
Cool Cravings Cafe & Deli,1
Tacorgasmico,1
Plain Jane,1
Fly,1
Whitechapel,1
Le Marais Bakery,1
Hotel Whitcomb - Employee Kitchen,1
Linden Room,1
Brickhouse,1
Indian Paradox,1
Waterfront Bakery,1
Haystack Pizza Restaurant,1
La Gallinita,1
Fondue Cowboy,1
Thep Restaurant,1
Goemon,1
Hoshi Ramen & Rice,1
Social Kitchen & Brewery,1
Village House,1
Eternal Springs,1
Play Land,1
Cadence & Mr. Tipple's Recording Studio,1
Swamp Restaurant,1
Harris Restaurant,1
Sushi Kazu,1
Hiep Thanh Market,1
Arashi Sushi House,1
The Game Parlour,1
Neck Of The Woods,1
Saffron Lounge,1
Seven Stills,1
Sons & Daughters,1
Native Juice Co.,1
Robberbaron,1
Stanza Coffee,1
Mugizo,1
Happy Yogurt,1
E&o Kitchen And Bar,1
Ungrafted,1
La Torta Gorda,1
The Mission St Oyster Bar,1
Julie's Kitchen,1
Che Fico Alimentari,1
Dol Ho Restaurant,1
Daeho Kalbijjim & Beef Soup,1
Golden City Inn,1
Boss Supermarket,1
Dnm Hot Pot,1
Burger Joint,1
Beachside 4300,1
Dat Spot,1
Bon Voyage!,1
Old Siam Thai Restaurant,1
Cafe Seventy 8,1
Chiefo's Kitchen,1
New Taraval Cafe,1
Cherry Blossom Bakery 2,1
West Of Pecos,1
Saltroot Cafe,1
A Mano,1
House Of Pancakes,1
Kkochi Korean Bbq Restaurant,1
Ginto Izakaya Japonaise,1
Burma Club,1
Ls Caffe,1
Star India Restaurant,1
A5 Steaklounge,1
Newkirk's,1
The Links Bar And Grill,1
Micado,1
Sushi Zen,1
The Pig And Whistle,1
Caffe Ambrosia,1
Lord Stanley,1
Le Ptit Laurent,1
Chez Marius,1
Tommaso Restaurant,1
Emperor Norton's Boozeland,1
Trattoria Contadina,1
La Playa Taqueria,1
Mac Daddy,1
Bond,1
Le Colonial Sf Restaurant Llc,1
Gold Dust Lounge,1
Enough Tea & Coffee,1
Mix Traditions,1
Cordon Bleu Restaurant,1
Anchor And Hope,1
The Cliff House Restaurant,1
Tokyo Express Sacramento St,1
Joe's Coffee Shop,1
Chicken N Waffles Place,1
Zingari Ristorante,1
Deja Vu Pizza & Pasta,1
Blossom Bakery,1
Sugarhill Kitchen,1
Trouble Coffee Company,1
Koh Samui & The Monkey,1
Golden Gate Grill,1
Khan Toke Thai House,1
Taza Smoothies & Wraps,1
Wow Naan N Curry,1
Chez Nous Cafe,1
Raavi Indian Nepalese,1
Craftsman And Wolves,1
Mybento,1
Thomas John Events,1
Live Sushi Bar,1
Black Cat,1
Lorenzo's Of New York Pizza,1
Palio Paninoteca,1
Emperor's Kitchen,1
El Capitan Taqueria & Grill,1
Abv,1
Suppenkuche,1
Dragon City Bakery & Cafe,1
House Of Shields,1
Urban Ritual,1
Excelsior Coffee,1
The Cheese Steak Shop,1
Jasmine Tea House,1
India Clay Oven Restaurant And Bar,1
Swirl On Castro,1
Ken Kee Cafe,1
Railroad Expresso Cafe,1
Birba,1
The Douglas Room,1
Axum Cafe,1
Little Sweet,1
Tacos Rodriguez,1
Rt Rotisserie,1
The Sunset's Best Seafood Rest,1
Club Moderne,1
Archive Bar And Kitchen,1
Chefs Work In The Truck,1
Ariake Japanese Restaurant,1
Casa Mayah Restaurant,1
Molto Benne Catering,1
Spicy Queen,1
Zombie Village,1
Tortas Los Picudos,1
L & G Vietnamese Sandwich,1
Bistro Aix,1
Front Door Cafe,1
La Taqueria,1
Sushi Hon,1
Ying Hui Chinese Restaurant,1
Papalote,1
The Beach Chalet Brewery &Rest,1
The Edge,1
Taqueria El Buen Sabor,1
Jackson Place Cafe,1
Comstock Saloon,1
Massawa Restaurant,1
San Francisco Proper Hotel - Villon,1
April Nine Thai Kitchen,1
Cellarmaker Brewing Company,1
Tres Truck,1
Punch Line San Francisco,1
All Nite Pizza & Foods,1
Redford,1
Balboa Teriyaki,1
Taqueria Gonzalez,1
Hashiri,1
Sizzling Pot King,1
Florio,1
Hong Kong Bakery,1
Tartine 9th Avenue,1
Cookie Love,1
Schilling & Co,1
La Santaneca De La Mission,1
Martin De Porres House,1
Martita Restaurant,1
North Star Cafe,1
Tea Fm,1
Quicky Burgers,1
Gambinos,1
The Shota,1
The Ramp,1
Uncle Benny's Donut & Bagel,1
The Deli King,1
Original Us Restauant,1
Domino's #7764,1
Hollow,1
Season Event Company,1
Sushi Toni,1
Baladie Cafe,1
Muddy Waters Coffee House,1
B B Tea Station,1
Panchitas Pupusas Truck,1
Trestle,1
Park Tavern,1
Pho Tan Hoa Inc,1
Orchids Cafe,1
Amphawa Thai Noodle House,1
Victors Pizza,1
White Rabbit,1
Shanghai House,1
Day Dream Cafe,1
Acquolina,1
Amber India Restaurant,1
Walking Fish,1
Garcon,1
Tony's Pizza Napoletana,1
Paprika,1
Taqueria La Iguana Azul,1
Bello Coffee & Tea,1
Namu Gaji,1
Taraval Okazu Ya,1
Libby Jane Cafe,1
Delicious Dim Sum,1
Wago Sushi,1
Yoji,1
Fillmore Tavern,1
New Mings Restaurant,1
Sunstream Coffee,1
Java Supreme,1
Four Deuces,1
Tea & Others,1
Dumpling House,1
The Chairman 1,1
Yukol Place Thai Cuisine,1
Frisco Fried,1
Ebisu Restaurant,1
Naya Dessert Cafe,1
Lapats Thai Noodles Bar,1
Cafe St. Jorge,1
Rn74,1
77 Chinese And Vietnamese Cuisine,1
Monsieur Benjamin,1
The Little Chihuahua Mexican Restaurant,1
Kahnfections,1
Trademark,1
Helmand Palace,1
Stix,1
Ben Wah Restaurant,1
Cafe Fiore,1
Noeteca,1
Bellissimo Pizza,1
L'ardoise,1
Hong Kong Clay Pot Restaurant,1
Buffalo Burgers,1
Pause,1
El Huarache Loco,1
Stookey's Club Moderne,1
Wasabi Bistro Japanese Restaur,1
Schroeder's,1
Giant Scoop Cafe,1
Estas Manos Coffee Roasters,1
Marco Polo Italian Ice Cream,1
Thanh Tam Ii Restaurant,1
Lori's Diner,1
La Cocina,1
Heirloom Cafe,1
Valley Tavern,1
Clement Bbq Restaurant,1
The St Mary's Pub,1
Cafe Claude,1
Lost And Found Sf,1
Aramex,1
Buffalo Kitchen,1
Haight & Cole Liquors,1
El Tepa,1
The Holding Company,1
Gourmet Dim Sum Cafe,1
Mitchells Ice Cream Inc,1
La Boulangerie De San Francisco,1
Thep Phanom Restaurant,1
The Endup,1
Cafe La Onda,1
Espetus Churrascaria Inc,1
Miller's Rest,1
Spice Kitchen,1
Flybird,1
The Castro Republic,1
Deccan House,1
Cafe Sis,1
Morton's Of Chicago-Steakhouse,1
21st Amendment,1
Kabuto Japanese Restaurant,1
New San Wang Restaurant,1
Bei Fang Style,1
Lee's Sandwiches,1
Hawaii West,1
Ha-Ra Club,1
Pomelo On Judah,1
The Castro Fountain,1
Aracely Restaurant,1
Blue Pea,1
Nopa,1
Mission Bowling Club,1
Bar 587,1
Taboun,1
Pupuseria El Golazo,1
Lovessy,1
Cafe Simple Pleasures,1
Fresh Brew Coffee,1
Cafe 101,1
House Of Thai 2,1
Split Bread,1
Chanvi Eatery,1
Wow Thai Kitchen,1
San Francisco Proper Hotel - Charmaine's,1
The Riddler,1
Petit Marlowe,1
Matrixfillmore,1
Breadbelly,1
Picon,1
Midnight Sun,1
Dobbs Ferry Restaurant,1
Popeyes Chicken & Biscuit,1
Sun And Moon,1
Maysoon's Pizza,1
Tamalitos Catering,1
Flanahan's Pub,1
Pebble's Cafe Sf,1
Craftsman And Wolves Ferry Plaza,1
Dear Inga,1
Poki Time,1
Harrington Wine,1
Indian Oven,1
Pluto's Restaurant,1
Phuket Thai Restaurant,1
Sociale,1
Pa'ina Restaurant And Lounge,1
Spin City Coffee,1
The Soap Box,1
Twisted Donuts And Coffee,1
Ichiraku Ramen,1
Five Happiness Restaurant,1
Le P'tit Laurent,1
Ace King Bbq,1
Parigo,1
Ristorante Marcello,1
Pizza Zone And Grill,1
The Bloodhound,1
Moki's Sushi And Pacific Grill,1
Bakery La Mejor,1
Sabrosa,1
The Monk's Kettle,1
Sunflower Potrero Hill,1
Don Chuys Mexi-Mercado,1
Octavia,1
Cow Marlowe,1
The Store On The Corner,1
Eggxotic,1
Grand Mission Donut & Bakery,1
The Devils Acre,1
Estrella Taqueria,1
The Crew,1
Barbary Coast Pastry And Coffee,1
Hergl School,1
Jj Ice Cream,1
The Village Market & Pizza,1
The Lord George,1
Double Dutch,1
Good Noodle,1
Kitaro Japanese Restaurant,1
Honey Creme,1
Cafe Luna,1
Thanh Thanh Cafe,1
Indian Palace,1
Seismic Coffee,1
Tony Nik's,1
Julie's Hot Dogs,1
Three Babes Bakeshop,1
Burma Love,1
Belmar Meat Market,1
Henrys Hunan,1
Schubert's Bakery,1
Manoras Thai Cuisine,1
Bstar,1
Frujuice,1
Reveille Coffee Co,1
The Daily Habit,1
Little Village Market,1
Beanstalk,1
Hayes Pizza,1
Kara's Cupcakes,1
Fueling Station,1
Skool,1
Golden Wok,1
Los Trinos Restaurant,1
The Little Chihuahua Mex Rest,1
Maven,1
Arizmendi Bakery,1
China Express Deli,1
Fish And Farm,1
Dalva,1
Indo,1
Mr. Banh Mi,1
Taraval Pizza,1
E Tutto Qua,1
Angkor Borei Restaurant,1
Sf Chickenbox,1
Uptown,1
J & A Restaurant,1
Teacup & Sandwiches,1
Petes Bbq,1
Tanguito,1
Ichipub,1
Truly Mediterranean,1
Haight St Happy Donuts,1
Jj Fish And Chicken,1
Cole Valley Cafe,1
Guangdong Barbecue Tea House,1
Irelands 32,1
San Francisco Bagel Company,1
Bow-K,1
Mekong Kitchen,1
Cerveceria De Mateveza,1
Hawker Fare,1
On Time Cafe,1
Higher Grounds Coffee House,1
Chief Sullivan's,1
Toma,1
The Cavalier Rest Kitchen,1
Seakor European Deli,1
Sichuan Home,1
Los Panchos Restaurant,1
Pete's Deli & Cafe,1
Roxys Cafe Organic Superfood,1
King's Thai Cuisine,1
Vesuvio Cafe,1
Gardenias Restaurant,1
Rintaro,1
Tenroku Ramen #2,1
Fang Yuan Restaurant,1
Curio At The Chapel,1
My Tofu House,1
Omakase,1
Parker,1
Blue Danube Coffee House,1
Resolute Drinks,1
Miyako Ice Cream,1
Monterey Deli,1
Little Star Pizza Valencia,1
555 California Street Restaurant,1
Danny Coyle's,1
Nightingale,1
Cafe Coco,1
House Of Banquet,1
Naples Pizzarella,1
The Bird,1
Tenmatsu Grab And Go,1
Pineapple Bistro & Bar,1
Angelina's Deli-Cafe,1
Tommy's Joynt,1
S&t Hong Kong Seafood Inc,1
Tempest Bar & Restaurant,1
Chennai Kings,1
Sake Bomb,1
Thai Spice Restaurant,1
City Beer Store,1
Super Duper,1
Blue Fin Sushi & Lounge,1
The Grove-Hayes,1
Mahila,1
Pacific Cafe,1
Mongkok Dim Sum & Restaurant,1
Rum & Sugar,1
My Pot,1
Delfina Restaurant,1
Andersen Bakery,1
Mayah's Restaurant Cafe,1
Karaweik Burmese Cuisine,1
Saru Sushi Bar,1
Mensho Tokyo,1
Alta,1
Locali Mediterranean,1
Che Fico,1
Pasilla,1
Pho 335,1
Cafe La Taza,1
Gourmet Noodle House,1
Palio D'asti,1
Beach Street Grill,1
Restaurante Montecristo,1
Big Slice Pizza,1
Cafe Enchante Sf,1
The Board,1
Miyabiya Sushi And Grill,1
Would You Believe,1
The Fillmore,1
Sammy's Cafe,1
Mangrove Kitchen,1
Punjab Kabab House,1
Kezar Pizzetta,1
Lee's Deli,1
The Noodle House,1
La Canasta Take Out,1
Comet Club,1
Hops & Hominy,1
Nourish Cafe,1
Boxed Foods Company,1
Ariake,1
Mission Cheese,1
Tosca Cafe,1
St. Regis Lobby Lounge,1
Lanna Restaurant,1
Wonderland Restaurant,1
Murio's,1
Regalito Rosticeria,1
El Matate Con Sabor A Mexico,1
Pizzeria Sophia,1
Tanuki Restaurant,1
Firetrail Pizza,1
Pier Market The,1
Little Caesars Pizza,1
Noodleme,1
Cafe De Casa,1
Can Tho Coffee Shop,1
Linda's Catering,1
Jitra Thai Cuisine,1
Benjarong Thai Cuisine,1
Hai Ky Mi Gai,1
El Lopo,1
Win's Restaurant,1
Lava Java,1
Pho Nice,1
Origen,1
Gallery Cafe,1
Cybelles Front Room,1
Cantata Coffee Shop,1
Petit Crenn,1
Aura Lounge & Restaurant,1
Pho Delicious,1
Babylon Mediterranean,1
New Tsing Tao Restaurant,1
Westwood,1
Tenglong Chinese Restaurant,1
Balboa Cafe,1
Mikes Grocery & Liquor,1
San Tung #2,1
The Thonglor,1
Michelangelo Cafe,1
Inle Burmese Cuisine,1
Rinconcito Nicaraguense,1
Rooster & Rice,1
Isla Vida,1
B Restaurant,1
Sun Maxim Bakery,1
San Francisco Opera House,1
The Flying Falafel,1
Teeth,1
Cafe Cesario,1
Revolution Cafe,1
Lush Gelato,1
Arizmendi Bakery 1268,1
Casa De La Condesa,1
Bayview Barber College,1
Keiko A Nob Hill,1
Sushi Bistro,1
Paulies Pickling,1
The Sandwich Spot Sf,1
Golden Boy Wholesale Pizza,1
Curbside Cafe,1
Louie's,1
Diamond Coin Laundromat,1
Gibson Restaurant,1
Frisco Creamery,1
Cafe International,1
Peaches Patties,1
The Clay Pot House,1
Seafood Station,1
Willkommen,1
Mayes,1
Limoncello,1
Gourmet Carousel,1
Shah's Halal Food,1
Nameless Milktea & Coffee,1
Bashful Bull Too,1
Mai Mai Sandwich & Bakery,1
Missions Kitchen,1
Stonestown Farmers Market,1
Ts,1
Chongqing Xiaomian,1
Brenda's Meat & Three,1
La Reyna Bakery,1
Basik Cafe,1
Proposition Chicken,1
Asahiru,1
20th Century Cafe,1
Alembic,1
Muracci's Japanese Restaurant,1
Forgery,1
Pissed Off Petes,1
Reed And Greenough,1
Dragon Creation Desserts,1
Alba Rays,1
Wins Restaurant,1
Kazan,1
Petite Marlowe,1
Tu Kim's Cafe,1
Mission Burger,1
Citrus Club The,1
The Grub-Bies,1
Gioia Pizzeria,1
Boba Pink,1
Herbst Theater,1
Carbon Grill,1
King Lee's Chinese Restaurant,1
Nizario's Pizza,1
Sam Wo Restaurant & Bakery,1
Burgermeister,1
Tupelo,1
Sushiraw #3,1
The Sandwich Shop,1
The Morris,1
White Cap,1
Rooh,1
El Castillito Taqueria Star,1
Montesacro,1
Rice Garden,1
King Of Thai Noodle #2,1
Little Joes Pizza,1
Wei Guo House,1
Hoy Sun Restaurant,1
Morning Brew Cafe,1
Orrick,1
Healthy Meals For Busy People,1
Alva Kava,1
Fiery,1
Marina Submarine,1
Double Shot Coffee,1
Freddies Sandwiches,1
Cafe Trinity,1
Tsunami Market,1
Neutral,1
Lush Lounge,1
Roka Akor,1
Cafe Terminus,1
Domino's #8134,1
Woods Polk Station,1
Minamoto Kitchoan,1
Sandwich Place The,1
Um Ma Son,1
Mission Bar,1
Barbary Coast Pastry & Cafe,1
Uno Dos Taco,1
Sixth Course,1
Super Duper Burgers,1
Chisme,1
Tea Hut,1
Cafe Tiramisu,1
Griddle Fresh,1
Fresh Meat Seafood Market,1
Bernie's,1
S F Convention Facilities,1
Abrazo,1
Tops Cafe,1
Karma Cafe,1
Hogwash,1
Peoples Cafe,1
Java Beach At The Zoo,1
Parada 22,1
Ju-Da,1
Bon Appetikka,1
Wings Plus,1
Perilla Vietnamese Cuisine,1
Sutter Pub,1
Noc Noc,1
Blue Iguana,1
Golden Gate Theatre,1
Berliner Berliner,1
Macondray,1
Crocker Galleria Farmer's Market,1
Wildhawk,1
Perrys Embarcadero,1
Hanlin Tea Restaurant,1
Han's Coffee Shop,1
Cala Restaurant,1
Gourmet Delight Bbq,1
Mamo,1
Golden Star Vietnamese Restuar,1
Taqueria El Buen Sabor #2,1
Subs Inc,1
Izakaya Sushi Ran,1
Tony Baloneys,1
Anton's Pizza,1
Smile's B B Q,1
Pho Phu Quoc,1
Wine Kitchen,1
Hookt Mini Doughnuts,1
Tine Foods,1
Evil Eye,1
Kate's Kitchen,1
Mazzat,1
Bite Room,1
Bon Appetit @ Chase Center,1
Wing Hing Restaurant,1
Dragon Beaux,1
Rambler,1
Dispensa,1
The Napper Tandy,1
Bonjour Patisserie,1
Kingza,1
Cuisine Of Nepal,1
Puerto Alegre Restaurant #1,1
Morning Due Cafe,1
Bella Trattoria,1
Goldelicious,1
Palmyra,1
Bussaba,1
Phillies,1
Al's Deli,1
Blue Jay Cafe,1
Americana Grill & Fountain,1
Sauce,1
Lolinda,1
Aicha,1
Custom Auto,1
Chrome Coffee Bar,1
La Laguna,1
Absinthe Brasserie & Bar,1
Tataki Canyon,1
Jin Pot,1
Osaka Sushi,1
Tsing Tao Restaurant,1
Sugar Lounge,1
Fresco Pizza & Grill,1
Tara Indian Cuisine,1
Osha Thai Restaurant & Lounge,1
Beard Papa's,1
Domo,1
Laksa,1
Get Fresh Sf!,1
El Faro,1
Epic Roasthouse,1
Acquerello,1
Simple Pleasures,1
Hunan Cafe #2,1
Ushitaro,1
La Cuisine Cafe,1
Cafe Mums,1
Co Nam,1
Sfsu Station Cafe,1
Pupuseria Metapan,1
Sweet Mango Desert & Cafe,1
Squat & Gobble Cafe #5,1
Claddagh Coffee,1
Barney's Noe Valley Hamburgers,1
Hodala Restaurant,1
Baker Street Bistro,1
Bandit,1
Richmond Republic,1
Stanza,1
The Wreck Room,1
Chatz Coffee Shop,1
Vintage Cafe,1
House Rules,1
Pandora Karaoke,1
Food City,1
Tacorea,1
Santino's Vino,1
Jack In The Box,1
Hai Ky Noodles,1
Ozumo Restaurant,1
Aa Bakery & Cafe The,1
Madrone Art Bar,1
Dolores Park Cafe,1
San Francisco Farmers Market,1
Fleur De Sel,1
Little Nepal Restaurant,1
Bernal Star,1
Underdogs Sports Bar And Grill,1
New Cheung Hing Restaurant,1
Ristorante Franchino,1
Boho,1
Davies Symphony,1
Bizza,1
Bamboo Restaurant,1
Moscow & Tbilisi Bakery Store,1
Ragazza,1
Nob Hill Cafe,1
Verso,1
Coco's,1
Redford Lounge,1
Holy Grill,1
Kintsugi,1
Tacko,1
Rico Mex,1
Backroom Dining,1
K-Oz Restaurant Brewery,1
Sushi Shio,1
Tanguito Grill And Empanadas,1
Grand 7 Liquor & Deli,1
Blue Sky Restaurant,1
La Loma Produce #14,1
Belga,1
Ming Kee Restaurant,1
Lees Food Market,1
Lokma,1
Tanpopo,1
Teruya Ramen,1
Emporium San Francisco,1
Allegro Romano,1
Pomelo,1
Hanaro,1
The Burrito Express,1
Restaurant Eiji,1
Smokin' Warehouse Barbecue,1
The Boba Shop,1
Cobb's Comedy Club,1
Rhea's Market & Deli,1
Roxy's Cafe,1
Soma Sushi,1
Pho Ga,1
Nombe Restaurant,1
Luna Express,1
Munchboxx,1
Barney's Noe Valley,1
Jade Cafe #3,1
Cafe Okawari,1
House Of Bagels,1
Mau Restaurant,1
Fishbowl,1
Won Kok Restaurant,1
Salt & Straw,1
Golden Eagle Grill,1
Cafe Troya Fillmore,1
Los Yaquis,1
Pachamama,1
Cafe Francisco,1
Beachside Coffee Bar & Kitchen,1
Casement's,1
Szechuan Cuisine,1
Loving Cup Union,1
Swan Oyster Depot,1
Catering With Style,1
Sushi Nagai,1
Sunrise Deli,1
Cafe Le,1
Brown Sugar Factory,1
Aroma Tea Shop,1
Rice Valley,1
Yucatasia Deli & Sandwich,1
The Brixton,1
Executive Order Bar & Lounge,1
La Promenade Cafe,1
Noren Izakaya,1
Finnegans Wake,1
Mateo's Taqueria,1
La Oficina Bar,1
Flanahan's,1
Pizzeria Delfina,1
Dragon Papa,1
Derm Restaurant,1
Illy Caffe Sf_Battery Street,1
Shish Ke Baba,1
Chanvi,1
Seven Hills,1
Bunn Mike,1
Sf Hilton Banquet Facility,1
Wok This Way,1
Giorgios Pizzeria,1
Pho #1,1
Icicles,1
Blind Butcher,1
Mcdonalds Potrero,1
Victors,1
St Francis Fountain,1
Cocotte Rotisserie,1
Burmese Kitchen,1
Venice Pizza And Restaurant,1
Chapeau!,1
Original Perfect Hamburger The,1
Laguna,1
Queens Sf,1
Le Trio,1
Wafl,1
Ziggy's Burger & Grill,1
Yummas Mediterranean Grill,1
School Night,1
New Dna Cafe,1
Izakaya Mayumi,1
3910,1
Cafe Envy,1
The City Taqueria,1
Let's Eat,1
Cafe De La Presse,1
Kibatsu,1
Um.ma,1
Early To Rise,1
Ginza Japanese Restaurant,1
Cafe Roza,1
Aster,1
Lupulandia,1
Hakkasan San Francisco,1
Chin,1
Katani Pizza,1
Himalayan Pizza & Momo,1
Ppq Beef Noodle House,1
Wang Dae Bak,1
Sam Wo Restaurant And Bakery,1
The Grove Fillmore,1
Sweet Mango Dessert & Cafe,1
Wally's Fried Chicken,1
Nightbird,1
Tak Kee Lee Restaurant,1
Bill's Place,1
Yuubi Japanese Restaurant,1
Sajj,1
Emperor Palace Restaurant,1
Beer Nerds,1
Cal-Mart,1
Mi Comedor,1
California Bakery,1
Ben Thai Cafe,1
Cafe Jacqueline,1
Le Petit Cafe,1
Wild Flower Cafe,1
Slate Bar,1
Brothers Restaurant,1
Orphan Andy's,1
The Salad Place,1
Foothill Market,1
Outer Orbit,1
Pizza Joint,1
Mi-Tea,1
Basa Seafood Express,1
Cecilia's Pizza & Restaurant,1
Bamboo Asia,1
Beluga Restaurant,1
Burma Super Star Restaurant,1
Matador,1
Sing Sing Coffee Shop,1
Edinburgh Castle,1
Ramen Underground,1
Open Kitchen,1
Rite Spot Cafe,1
Holey Bagel Bakery,1
El Pipila,1
Smokin' Warehouse Bbq,1
Lemongrass,1
Good Orchard Bakery,1
Harry's Bar,1
Baiano Pizzeria,1
Doc's Clock,1
Delicious Dimsum,1
Pasta-Pop-Up,1
Wow Thai Bistro,1
Toy Boat Dessert Cafe,1
San Francisco Brewing Co - Restaurant,1
Nickies,1
Raavi Eatery,1
Yiyi's Mandarin Kitchen,1
Cove The,1
St. Regis Hotel San Francisco Main Kitchen,1
7-Mission Restaurant,1
Tato,1
100% Sweet Cafe,1
Estela's,1
Oasis Cafe,1
La Fusion,1
Cafe Ethiopia,1
Izakaya Sozai,1
Sqwers Restaurant,1
Twenty Five Lusk,1
Waystone,1
Tamarind Hall,1
Sears Fine Food,1
Vega Pizzeria,1
Golden Kim Tar Restaurant,1
Saigon Sandwiches,1
Kama Sushi,1
Tequila Mockingbird,1
Daily Zen Bento,1
Bonita Taqueria Y Rotisserie,1
Castro Coffee Company,1
Etcetera Wine Bar,1
Bbc Cafe,1
Finn Town,1
Hi City,1
D's Corner,1
Lin's Kitchen,1
Chang's Kitchen,1
Cafe Bastille,1
Pharaohs,1
Orenchi,1
Disney Family,1
Rusted Mule,1
El Arepazo Sf,1
Loving Cup Divisadero,1
August1five,1
Gai,1
Starbucks Reserve,1
Golden Eagle Deli,1
Sorabol,1
Oh La La Cake Creations,1
King Kee,1
Yield Wine Bar,1
Cafe Cole,1
Chelsea Place,1
Towns End Restaurant & Bakery,1
La Luna Cupcakes,1
Panchitas Restaurant #2,1
Caffe Central,1
Cafe Josephine,1
Yous Dim Sum Restaurant,1
Burrito Express,1
Sakana,1
People's Bistro,1
Piccadilly Fish & Chip,1
Iza Ramen,1
Plow,1
Hangout Spot,1
Cheese Steak Shop The,1
The Brick Yard,1
Lollipot,1
Eat Sushi,1
Poke Origin,1
Mama Lamees,1
Jenny & Jesse Restaurante,1
Turk & Larkin Deli,1
Geary Club,1
Hamano Sushi,1
Underdogs To,1
Tartine Cookies And Cream,1
Lao Table,1
Family Cafe,1
Cava22,1
Sini,1
Dotties True Blue Cafe,1
Superstar Rest & Fast Food,1
Panchitas Pupusa Cart,1
Fresh & Natural Cafe,1
City Chopsticks,1
Kinara,1
Tiki Haven,1
Hitachino Beer & Wagyu,1
Belly Burgers,1
Wing Wings,1
Buccaneer,1
Puccini & Pinetti,1
Toppu Ramen & Dim Sum House,1
The Art Bistro,1
Holycraft Brewery,1
Hot Pot Island,1
W Hotel San Francisco,1
Little Sheep Mongolian Hot Pot,1
Gulch Bbq,1
Uncle Lee Cafe,1
Shanghai Dumpling King,1
San Francisco Crepe Co,1
Cento Coffee,1
Mestiza Taqueria,1
Jamber,1
House,1
Mr Liquor,1
Mozzeria,1
Mizutani Sushi Bar,1
540 Club,1
New Regent Cafe,1
La Fina Estampa,1
Market Street Grill,1
Pi Bar,1
Hashida Sushi,1
Canyon Market,1
Mission Hunan Restaurant,1
Sugarcane Sf,1
Last Drop Tavern,1
The Mill,1
Cafe Prague,1
Noe Bagel,1
Naan N Curry,1
5a5 Steak Lounge,1
Shannon Arms,1
Chez Bobo,1
Wooden,1
Mendocino Farms,1
Pinecrest Diner,1
Summer Place,1
The Sini,1
Philmore Creamery,1
Kaya,1
Great Gold,1
Sa Beang Thai,1
Las Brisas,1
Black Sands,1
Coin-Op Game Room,1
Little Nepal,1
La Trappe Cafe,1
Club Waziema,1
Hi Tops,1
Teds Sports Bar & Grill,1
Easy Breezy Frozen Yogurt,1
Bac Lieu Restaurant,1
Red Cafe,1
Golden Era Vegan Restaurant,1
The Saratoga,1
Tope,1
Sasaki,1
Smoky Man,1
Tierra Mia Coffee Company,1
Otd,1
Italian American Social Club,1
The New Spot On Polk,1
Gialina,1
Fable,1
Rincon Latino,1
Oasis Grill,1
La Loma Produce #7,1
Darwin Cafe,1
Caffe Union,1
Dbc Restaurant,1
Chopstick Fast Food,1
Tj Cafe,1
Ly's Vietnamese Cuisine,1
Foundation Coffee,1
Aha Fresh,1
New Hing Lung Restaurant,1
Twenty-Five Lusk Restaurant,1
Nina's Cafe,1
Beijing Restaurants,1
Sapporo-Ya,1
Starbelly Restaurant,1
Que Huong Vietnamese Deli,1
Great Mongolia,1
Oz Burger,1
Pazzo,1
Avery,1
Tokyo Express 3,1
Sweets Collections,1
Green Papaya Restaurant,1
Thanh Thanh,1
Brenda's Original Po Boys,1
Roadhouse Cafe,1
Rincon Peruano Restaurant,1
Pancho's,1
City Lunch Restaurant,1
Lagniappe's,1
Pizza Zone N Grill,1
California Garlic Noodles,1
Naya Cafe,1
Rasoi,1
Phoenix Irish Bar & Restaurant,1
Taqueria El Sol 2,1
